<?xml version="1.0" encoding="UTF-8"?>
<!DOCTYPE gimnas SYSTEM "1.dtd">
<gimnas nom="GYM1">
    <classe codi="Hola1" activa="false">
        <nomClasse>Spinning</nomClasse> 
        <monitor>Laura</monitor>
        <horari>18:00</horari>
        <duracio>40</duracio>
        <capacitat>20</capacitat>
        <preu periode="menusal">1.20</preu>
        <dia>Dimarts</dia>
        <especialitats>
            <especialitat>Hola</especialitat>
            <especialitat>Hola2</especialitat>
        </especialitats>
        <inscrits>
            <inscrit soci="Soci1">
                <nomSoci>Juan</nomSoci>
                <dataInscripcio>2025-03-15</dataInscripcio>
            </inscrit>
        </inscrits>
    </classe>
        <classe codi="Hola2" activa="true">
        <nomClasse>Spinning</nomClasse> 
        <monitor>Laura</monitor>
        <horari>18:00</horari>
        <duracio>40</duracio>
        <capacitat>20</capacitat>
        <preu periode="menusal">3.00</preu>
        <dia>Dimecres</dia>
        <especialitats>
            <especialitat>Hola</especialitat>
            <especialitat>Hola2</especialitat>
        </especialitats>
        <inscrits>
            <inscrit soci="Soci2">
                <nomSoci>peter</nomSoci>
                <dataInscripcio>2025-01-09</dataInscripcio>
            </inscrit>
        </inscrits>
    </classe>
</gimnas>