<?xml version="1.0" encoding="UTF-8"?>
<!DOCTYPE agencia SYSTEM "2.dtd">
<agencia cif="GDJA1">
    <viatge id="A1" disponible="true">
        <desti>Paris</desti>
        <pais>França</pais>
        <transport>Tren</transport>
        <allotjament>Hotel</allotjament>
        <dataSortida>2025-01-09</dataSortida>
        <dataRetorn>2025-01-16</dataRetorn>
        <preu moneda="EUR" iva="inclòs">1.20</preu>
        <places>40</places>
        <visitesIncloses>
            <visita>Si</visita>
        </visitesIncloses>
        <reserves>
            <reserva codi="R1">
                <client>Juan</client>
                <numPersones>7</numPersones>
                <dataReserva>2025-05-09</dataReserva>
                <confirmada>true</confirmada>
            </reserva>
        </reserves>
    </viatge>

    <viatge id="A2" disponible="false">
        <desti>California</desti>
        <pais>USA</pais>
        <transport>Avió</transport>
        <allotjament>Apartament</allotjament>
        <dataSortida>2025-01-09</dataSortida>
        <dataRetorn>2025-01-16</dataRetorn>
        <preu moneda="GBP" iva="inclòs">4</preu>
        <places>40</places>

        <reserves></reserves>
    </viatge>

</agencia>  